--
-- PostgreSQL database dump
--

-- Dumped from database version 14.14 (Homebrew)
-- Dumped by pg_dump version 14.14 (Homebrew)

SET statement_timeout = 0;
SET lock_timeout = 0;
SET idle_in_transaction_session_timeout = 0;
SET client_encoding = 'UTF8';
SET standard_conforming_strings = on;
SELECT pg_catalog.set_config('search_path', '', false);
SET check_function_bodies = false;
SET xmloption = content;
SET client_min_messages = warning;
SET row_security = off;

SET default_tablespace = '';

SET default_table_access_method = heap;

--
-- Name: auth_group; Type: TABLE; Schema: public; Owner: system
--

CREATE TABLE public.auth_group (
    id integer NOT NULL,
    name character varying(150) NOT NULL
);


ALTER TABLE public.auth_group OWNER TO system;

--
-- Name: auth_group_id_seq; Type: SEQUENCE; Schema: public; Owner: system
--

ALTER TABLE public.auth_group ALTER COLUMN id ADD GENERATED BY DEFAULT AS IDENTITY (
    SEQUENCE NAME public.auth_group_id_seq
    START WITH 1
    INCREMENT BY 1
    NO MINVALUE
    NO MAXVALUE
    CACHE 1
);


--
-- Name: auth_group_permissions; Type: TABLE; Schema: public; Owner: system
--

CREATE TABLE public.auth_group_permissions (
    id bigint NOT NULL,
    group_id integer NOT NULL,
    permission_id integer NOT NULL
);


ALTER TABLE public.auth_group_permissions OWNER TO system;

--
-- Name: auth_group_permissions_id_seq; Type: SEQUENCE; Schema: public; Owner: system
--

ALTER TABLE public.auth_group_permissions ALTER COLUMN id ADD GENERATED BY DEFAULT AS IDENTITY (
    SEQUENCE NAME public.auth_group_permissions_id_seq
    START WITH 1
    INCREMENT BY 1
    NO MINVALUE
    NO MAXVALUE
    CACHE 1
);


--
-- Name: auth_permission; Type: TABLE; Schema: public; Owner: system
--

CREATE TABLE public.auth_permission (
    id integer NOT NULL,
    name character varying(255) NOT NULL,
    content_type_id integer NOT NULL,
    codename character varying(100) NOT NULL
);


ALTER TABLE public.auth_permission OWNER TO system;

--
-- Name: auth_permission_id_seq; Type: SEQUENCE; Schema: public; Owner: system
--

ALTER TABLE public.auth_permission ALTER COLUMN id ADD GENERATED BY DEFAULT AS IDENTITY (
    SEQUENCE NAME public.auth_permission_id_seq
    START WITH 1
    INCREMENT BY 1
    NO MINVALUE
    NO MAXVALUE
    CACHE 1
);


--
-- Name: auth_user; Type: TABLE; Schema: public; Owner: system
--

CREATE TABLE public.auth_user (
    id integer NOT NULL,
    password character varying(128) NOT NULL,
    last_login timestamp with time zone,
    is_superuser boolean NOT NULL,
    username character varying(150) NOT NULL,
    first_name character varying(150) NOT NULL,
    last_name character varying(150) NOT NULL,
    email character varying(254) NOT NULL,
    is_staff boolean NOT NULL,
    is_active boolean NOT NULL,
    date_joined timestamp with time zone NOT NULL
);


ALTER TABLE public.auth_user OWNER TO system;

--
-- Name: auth_user_groups; Type: TABLE; Schema: public; Owner: system
--

CREATE TABLE public.auth_user_groups (
    id bigint NOT NULL,
    user_id integer NOT NULL,
    group_id integer NOT NULL
);


ALTER TABLE public.auth_user_groups OWNER TO system;

--
-- Name: auth_user_groups_id_seq; Type: SEQUENCE; Schema: public; Owner: system
--

ALTER TABLE public.auth_user_groups ALTER COLUMN id ADD GENERATED BY DEFAULT AS IDENTITY (
    SEQUENCE NAME public.auth_user_groups_id_seq
    START WITH 1
    INCREMENT BY 1
    NO MINVALUE
    NO MAXVALUE
    CACHE 1
);


--
-- Name: auth_user_id_seq; Type: SEQUENCE; Schema: public; Owner: system
--

ALTER TABLE public.auth_user ALTER COLUMN id ADD GENERATED BY DEFAULT AS IDENTITY (
    SEQUENCE NAME public.auth_user_id_seq
    START WITH 1
    INCREMENT BY 1
    NO MINVALUE
    NO MAXVALUE
    CACHE 1
);


--
-- Name: auth_user_user_permissions; Type: TABLE; Schema: public; Owner: system
--

CREATE TABLE public.auth_user_user_permissions (
    id bigint NOT NULL,
    user_id integer NOT NULL,
    permission_id integer NOT NULL
);


ALTER TABLE public.auth_user_user_permissions OWNER TO system;

--
-- Name: auth_user_user_permissions_id_seq; Type: SEQUENCE; Schema: public; Owner: system
--

ALTER TABLE public.auth_user_user_permissions ALTER COLUMN id ADD GENERATED BY DEFAULT AS IDENTITY (
    SEQUENCE NAME public.auth_user_user_permissions_id_seq
    START WITH 1
    INCREMENT BY 1
    NO MINVALUE
    NO MAXVALUE
    CACHE 1
);


--
-- Name: ch24app_creator; Type: TABLE; Schema: public; Owner: system
--

CREATE TABLE public.ch24app_creator (
    custom_id character varying(36) NOT NULL,
    first_name character varying(100) NOT NULL,
    last_name character varying(100) NOT NULL,
    company character varying(200) NOT NULL,
    address character varying(255) NOT NULL,
    city character varying(255) NOT NULL,
    state character varying(255) NOT NULL,
    zip_code character varying(16) NOT NULL,
    email character varying(254) NOT NULL,
    phone character varying(25) NOT NULL,
    created_at timestamp with time zone NOT NULL,
    updated_at timestamp with time zone NOT NULL,
    created_by_id integer NOT NULL
);


ALTER TABLE public.ch24app_creator OWNER TO system;

--
-- Name: ch24app_episode; Type: TABLE; Schema: public; Owner: system
--

CREATE TABLE public.ch24app_episode (
    custom_id character varying(36) NOT NULL,
    episode_number integer NOT NULL,
    title character varying(255) NOT NULL,
    description text NOT NULL,
    repeat_preferences character varying(255) NOT NULL,
    start_date date,
    end_date date,
    created_at timestamp with time zone NOT NULL,
    updated_at timestamp with time zone NOT NULL,
    program_id character varying(36) NOT NULL,
    created_by_id integer NOT NULL,
    file_name text NOT NULL
);


ALTER TABLE public.ch24app_episode OWNER TO system;

--
-- Name: ch24app_episodemediainfo; Type: TABLE; Schema: public; Owner: system
--

CREATE TABLE public.ch24app_episodemediainfo (
    id bigint NOT NULL,
    track_id integer NOT NULL,
    metadata jsonb NOT NULL,
    episode_id character varying(36) NOT NULL
);


ALTER TABLE public.ch24app_episodemediainfo OWNER TO system;

--
-- Name: ch24app_mediainfo_id_seq; Type: SEQUENCE; Schema: public; Owner: system
--

ALTER TABLE public.ch24app_episodemediainfo ALTER COLUMN id ADD GENERATED BY DEFAULT AS IDENTITY (
    SEQUENCE NAME public.ch24app_mediainfo_id_seq
    START WITH 1
    INCREMENT BY 1
    NO MINVALUE
    NO MAXVALUE
    CACHE 1
);


--
-- Name: ch24app_program; Type: TABLE; Schema: public; Owner: system
--

CREATE TABLE public.ch24app_program (
    custom_id character varying(36) NOT NULL,
    program_name character varying(255) NOT NULL,
    description text NOT NULL,
    genre character varying(50) NOT NULL,
    age_rating character varying(10) NOT NULL,
    created_at timestamp with time zone NOT NULL,
    updated_at timestamp with time zone NOT NULL,
    creator_id character varying(36) NOT NULL,
    created_by_id integer NOT NULL
);


ALTER TABLE public.ch24app_program OWNER TO system;

--
-- Name: ch24app_supportticket; Type: TABLE; Schema: public; Owner: system
--

CREATE TABLE public.ch24app_supportticket (
    id bigint NOT NULL,
    ticket_no integer NOT NULL,
    name character varying(100) NOT NULL,
    contact_info character varying(254) NOT NULL,
    category character varying(50) NOT NULL,
    subject character varying(200) NOT NULL,
    description text NOT NULL,
    time_received timestamp with time zone NOT NULL,
    urgency character varying(10) NOT NULL,
    ticket_status character varying(20) NOT NULL,
    creator_id character varying(36),
    episode_id character varying(36),
    program_id character varying(36),
    created_by_id integer
);


ALTER TABLE public.ch24app_supportticket OWNER TO system;

--
-- Name: ch24app_supportticket_id_seq; Type: SEQUENCE; Schema: public; Owner: system
--

ALTER TABLE public.ch24app_supportticket ALTER COLUMN id ADD GENERATED BY DEFAULT AS IDENTITY (
    SEQUENCE NAME public.ch24app_supportticket_id_seq
    START WITH 1
    INCREMENT BY 1
    NO MINVALUE
    NO MAXVALUE
    CACHE 1
);


--
-- Name: ch24app_ticketresponse; Type: TABLE; Schema: public; Owner: system
--

CREATE TABLE public.ch24app_ticketresponse (
    id bigint NOT NULL,
    response_no integer NOT NULL,
    "timestamp" timestamp with time zone NOT NULL,
    message text NOT NULL,
    responder_id integer NOT NULL,
    ticket_id bigint NOT NULL
);


ALTER TABLE public.ch24app_ticketresponse OWNER TO system;

--
-- Name: ch24app_ticketresponse_id_seq; Type: SEQUENCE; Schema: public; Owner: system
--

ALTER TABLE public.ch24app_ticketresponse ALTER COLUMN id ADD GENERATED BY DEFAULT AS IDENTITY (
    SEQUENCE NAME public.ch24app_ticketresponse_id_seq
    START WITH 1
    INCREMENT BY 1
    NO MINVALUE
    NO MAXVALUE
    CACHE 1
);


--
-- Name: django_admin_log; Type: TABLE; Schema: public; Owner: system
--

CREATE TABLE public.django_admin_log (
    id integer NOT NULL,
    action_time timestamp with time zone NOT NULL,
    object_id text,
    object_repr character varying(200) NOT NULL,
    action_flag smallint NOT NULL,
    change_message text NOT NULL,
    content_type_id integer,
    user_id integer NOT NULL,
    CONSTRAINT django_admin_log_action_flag_check CHECK ((action_flag >= 0))
);


ALTER TABLE public.django_admin_log OWNER TO system;

--
-- Name: django_admin_log_id_seq; Type: SEQUENCE; Schema: public; Owner: system
--

ALTER TABLE public.django_admin_log ALTER COLUMN id ADD GENERATED BY DEFAULT AS IDENTITY (
    SEQUENCE NAME public.django_admin_log_id_seq
    START WITH 1
    INCREMENT BY 1
    NO MINVALUE
    NO MAXVALUE
    CACHE 1
);


--
-- Name: django_content_type; Type: TABLE; Schema: public; Owner: system
--

CREATE TABLE public.django_content_type (
    id integer NOT NULL,
    app_label character varying(100) NOT NULL,
    model character varying(100) NOT NULL
);


ALTER TABLE public.django_content_type OWNER TO system;

--
-- Name: django_content_type_id_seq; Type: SEQUENCE; Schema: public; Owner: system
--

ALTER TABLE public.django_content_type ALTER COLUMN id ADD GENERATED BY DEFAULT AS IDENTITY (
    SEQUENCE NAME public.django_content_type_id_seq
    START WITH 1
    INCREMENT BY 1
    NO MINVALUE
    NO MAXVALUE
    CACHE 1
);


--
-- Name: django_migrations; Type: TABLE; Schema: public; Owner: system
--

CREATE TABLE public.django_migrations (
    id bigint NOT NULL,
    app character varying(255) NOT NULL,
    name character varying(255) NOT NULL,
    applied timestamp with time zone NOT NULL
);


ALTER TABLE public.django_migrations OWNER TO system;

--
-- Name: django_migrations_id_seq; Type: SEQUENCE; Schema: public; Owner: system
--

ALTER TABLE public.django_migrations ALTER COLUMN id ADD GENERATED BY DEFAULT AS IDENTITY (
    SEQUENCE NAME public.django_migrations_id_seq
    START WITH 1
    INCREMENT BY 1
    NO MINVALUE
    NO MAXVALUE
    CACHE 1
);


--
-- Name: django_session; Type: TABLE; Schema: public; Owner: system
--

CREATE TABLE public.django_session (
    session_key character varying(40) NOT NULL,
    session_data text NOT NULL,
    expire_date timestamp with time zone NOT NULL
);


ALTER TABLE public.django_session OWNER TO system;

--
-- Name: otp_totp_totpdevice; Type: TABLE; Schema: public; Owner: system
--

CREATE TABLE public.otp_totp_totpdevice (
    id integer NOT NULL,
    name character varying(64) NOT NULL,
    confirmed boolean NOT NULL,
    key character varying(80) NOT NULL,
    step smallint NOT NULL,
    t0 bigint NOT NULL,
    digits smallint NOT NULL,
    tolerance smallint NOT NULL,
    drift smallint NOT NULL,
    last_t bigint NOT NULL,
    user_id integer NOT NULL,
    throttling_failure_count integer NOT NULL,
    throttling_failure_timestamp timestamp with time zone,
    created_at timestamp with time zone,
    last_used_at timestamp with time zone,
    CONSTRAINT otp_totp_totpdevice_digits_check CHECK ((digits >= 0)),
    CONSTRAINT otp_totp_totpdevice_step_check CHECK ((step >= 0)),
    CONSTRAINT otp_totp_totpdevice_throttling_failure_count_check CHECK ((throttling_failure_count >= 0)),
    CONSTRAINT otp_totp_totpdevice_tolerance_check CHECK ((tolerance >= 0))
);


ALTER TABLE public.otp_totp_totpdevice OWNER TO system;

--
-- Name: otp_totp_totpdevice_id_seq; Type: SEQUENCE; Schema: public; Owner: system
--

ALTER TABLE public.otp_totp_totpdevice ALTER COLUMN id ADD GENERATED BY DEFAULT AS IDENTITY (
    SEQUENCE NAME public.otp_totp_totpdevice_id_seq
    START WITH 1
    INCREMENT BY 1
    NO MINVALUE
    NO MAXVALUE
    CACHE 1
);


--
-- Data for Name: auth_group; Type: TABLE DATA; Schema: public; Owner: system
--

COPY public.auth_group (id, name) FROM stdin;
\.


--
-- Data for Name: auth_group_permissions; Type: TABLE DATA; Schema: public; Owner: system
--

COPY public.auth_group_permissions (id, group_id, permission_id) FROM stdin;
\.


--
-- Data for Name: auth_permission; Type: TABLE DATA; Schema: public; Owner: system
--

COPY public.auth_permission (id, name, content_type_id, codename) FROM stdin;
1	Can add log entry	1	add_logentry
2	Can change log entry	1	change_logentry
3	Can delete log entry	1	delete_logentry
4	Can view log entry	1	view_logentry
5	Can add permission	2	add_permission
6	Can change permission	2	change_permission
7	Can delete permission	2	delete_permission
8	Can view permission	2	view_permission
9	Can add group	3	add_group
10	Can change group	3	change_group
11	Can delete group	3	delete_group
12	Can view group	3	view_group
13	Can add user	4	add_user
14	Can change user	4	change_user
15	Can delete user	4	delete_user
16	Can view user	4	view_user
17	Can add content type	5	add_contenttype
18	Can change content type	5	change_contenttype
19	Can delete content type	5	delete_contenttype
20	Can view content type	5	view_contenttype
21	Can add session	6	add_session
22	Can change session	6	change_session
23	Can delete session	6	delete_session
24	Can view session	6	view_session
25	Can add creator	7	add_creator
26	Can change creator	7	change_creator
27	Can delete creator	7	delete_creator
28	Can view creator	7	view_creator
29	Can add program	8	add_program
30	Can change program	8	change_program
31	Can delete program	8	delete_program
32	Can view program	8	view_program
33	Can add episode	9	add_episode
34	Can change episode	9	change_episode
35	Can delete episode	9	delete_episode
36	Can view episode	9	view_episode
37	Can add episode media info	10	add_episodemediainfo
38	Can change episode media info	10	change_episodemediainfo
39	Can delete episode media info	10	delete_episodemediainfo
40	Can view episode media info	10	view_episodemediainfo
41	Can add TOTP device	11	add_totpdevice
42	Can change TOTP device	11	change_totpdevice
43	Can delete TOTP device	11	delete_totpdevice
44	Can view TOTP device	11	view_totpdevice
45	Can add support ticket	12	add_supportticket
46	Can change support ticket	12	change_supportticket
47	Can delete support ticket	12	delete_supportticket
48	Can view support ticket	12	view_supportticket
49	Can add ticket response	13	add_ticketresponse
50	Can change ticket response	13	change_ticketresponse
51	Can delete ticket response	13	delete_ticketresponse
52	Can view ticket response	13	view_ticketresponse
\.


--
-- Data for Name: auth_user; Type: TABLE DATA; Schema: public; Owner: system
--

COPY public.auth_user (id, password, last_login, is_superuser, username, first_name, last_name, email, is_staff, is_active, date_joined) FROM stdin;
1	pbkdf2_sha256$870000$UP95jHFhYRnGSJp3CoX8ve$gogvmOZtOL9nSsrywsryl6N4JPDgfHRiMZHEx6usePw=	2024-11-18 15:29:12.249965-05	t	jpound				t	t	2024-11-18 11:40:31.83973-05
2	pbkdf2_sha256$870000$sIPITF0BNlD2lkOf4QyXS2$sxIBUHNAik3zsZ1PxFNjTpTCsfOUOxBmZXG+c+UGdZA=	2024-11-19 12:49:53.131215-05	f	jamespound				f	t	2024-11-18 12:39:10.336501-05
\.


--
-- Data for Name: auth_user_groups; Type: TABLE DATA; Schema: public; Owner: system
--

COPY public.auth_user_groups (id, user_id, group_id) FROM stdin;
\.


--
-- Data for Name: auth_user_user_permissions; Type: TABLE DATA; Schema: public; Owner: system
--

COPY public.auth_user_user_permissions (id, user_id, permission_id) FROM stdin;
\.


--
-- Data for Name: ch24app_creator; Type: TABLE DATA; Schema: public; Owner: system
--

COPY public.ch24app_creator (custom_id, first_name, last_name, company, address, city, state, zip_code, email, phone, created_at, updated_at, created_by_id) FROM stdin;
cf40d6f4-3bb0-4b14-814c-1ab69b7fa3f2	James	Pound	City of Atlanta	55 Trinity Ave SW	Atlanta	Georgia	30303	jpound@AtlantaGa.Gov	4705155727	2024-11-18 12:39:31.639689-05	2024-11-18 12:39:31.639702-05	2
\.


--
-- Data for Name: ch24app_episode; Type: TABLE DATA; Schema: public; Owner: system
--

COPY public.ch24app_episode (custom_id, episode_number, title, description, repeat_preferences, start_date, end_date, created_at, updated_at, program_id, created_by_id, file_name) FROM stdin;
b537d197-a77c-4996-b070-482acfe5c0fc	1	E1	Episode One		\N	\N	2024-11-18 12:40:20.817948-05	2024-11-18 16:10:43.517765-05	fdaffaef-bbda-4992-9159-4ec023504ab4	2	episodes/b537d197-a77c-4996-b070-482acfe5c0fc/file_example_MP4_1920_18MG.mp4
\.


--
-- Data for Name: ch24app_episodemediainfo; Type: TABLE DATA; Schema: public; Owner: system
--

COPY public.ch24app_episodemediainfo (id, track_id, metadata, episode_id) FROM stdin;
16	1	{"count": "349", "format": "MPEG-4", "codec_id": "mp42", "datasize": "17820776", "duration": 30527, "file_name": "file_example_MP4_1920_18MG", "file_size": 17839845, "footersize": "0", "frame_rate": "30.000", "headersize": "19069", "track_type": "General", "folder_name": "/tmp", "frame_count": "901", "stream_size": 19077, "tagged_date": "2015-08-07 09:13:36 UTC", "audio_codecs": "AAC LC", "codec_id_url": "http://www.apple.com/quicktime/download/standalone.html", "codecs_video": "AVC", "encoded_date": "2015-08-07 09:13:36 UTC", "isstreamable": "Yes", "other_format": ["MPEG-4"], "complete_name": "/tmp/file_example_MP4_1920_18MG.mp4", "file_extension": "mp4", "format_profile": "Base Media / Version 2", "kind_of_stream": "General", "other_codec_id": ["mp42 (mp42/mp41/isom/avc1)"], "other_duration": ["30 s 527 ms", "30 s 527 ms", "30 s 527 ms", "00:00:30.527", "00:00:30:01", "00:00:30.527 (00:00:30:01)"], "commercial_name": "MPEG-4", "other_file_size": ["17.0 MiB", "17 MiB", "17 MiB", "17.0 MiB", "17.01 MiB"], "other_frame_rate": ["30.000 FPS"], "overall_bit_rate": 4675165, "audio_format_list": "AAC LC", "other_stream_size": ["18.6 KiB (0%)", "19 KiB", "19 KiB", "18.6 KiB", "18.63 KiB", "18.6 KiB (0%)"], "stream_identifier": "0", "video_format_list": "AVC", "codecid_compatible": "mp42/mp41/isom/avc1", "file_name_extension": "file_example_MP4_1920_18MG.mp4", "internet_media_type": "video/mp4", "audio_channels_total": "2", "other_kind_of_stream": ["General"], "count_of_audio_streams": "1", "count_of_video_streams": "1", "other_overall_bit_rate": ["4 675 kb/s"], "proportion_of_this_stream": "0.00107", "audio_format_withhint_list": "AAC LC", "video_format_withhint_list": "AVC", "file_last_modification_date": "2024-11-18 21:10:43 UTC", "count_of_stream_of_this_kind": "1", "format_extensions_usually_used": "braw mov mp4 m4v m4a m4b m4p m4r 3ga 3gpa 3gpp 3gp 3gpp2 3g2 k3g jpm jpx mqv ismv isma ismt f4a f4b f4v", "file_last_modification_date__local": "2024-11-18 21:10:43"}	b537d197-a77c-4996-b070-482acfe5c0fc
17	2	{"count": "382", "width": 1920, "format": "AVC", "height": 1080, "bit_rate": 4500000, "codec_id": "avc1", "duration": 30033, "rotation": "0.000", "track_id": 1, "bit_depth": 8, "scan_type": "Progressive", "format_url": "http://developers.videolan.org/x264.html", "frame_rate": "30.000", "track_type": "Video", "color_range": "Limited", "color_space": "YUV", "format_info": "Advanced Video Codec", "frame_count": "901", "other_width": ["1 920 pixels"], "stream_size": 16843872, "streamorder": "0", "tagged_date": "2015-08-07 09:13:36 UTC", "encoded_date": "2015-08-07 09:13:36 UTC", "other_format": ["AVC"], "other_height": ["1 080 pixels"], "codec_id_info": "Advanced Video Coding", "framerate_den": "1", "framerate_num": "30", "sampled_width": "1920", "stored_height": "1088", "format_profile": "High@L4", "kind_of_stream": "Video", "other_bit_rate": ["4 500 kb/s"], "other_duration": ["30 s 33 ms", "30 s 33 ms", "30 s 33 ms", "00:00:30.033", "00:00:30:01", "00:00:30.033 (00:00:30:01)"], "other_track_id": ["1"], "sampled_height": "1080", "color_primaries": "BT.709", "commercial_name": "AVC", "format_settings": "CABAC / 4 Ref Frames", "frame_rate_mode": "CFR", "other_bit_depth": ["8 bits"], "other_scan_type": ["Progressive"], "writing_library": "x264 - core 146 r11M 121396c", "other_frame_rate": ["30.000 FPS"], "bits__pixel_frame": "0.072", "encoding_settings": "cabac=1 / ref=4 / deblock=1:0:0 / analyse=0x3:0x113 / me=umh / subme=8 / psy=1 / psy_rd=1.00:0.00 / mixed_ref=1 / me_range=16 / chroma_me=1 / trellis=1 / 8x8dct=1 / cqm=0 / deadzone=21,11 / fast_pskip=1 / chroma_qp_offset=-2 / threads=48 / lookahead_threads=8 / sliced_threads=0 / nr=0 / decimate=1 / interlaced=0 / bluray_compat=0 / stitchable=1 / constrained_intra=0 / bframes=3 / b_pyramid=2 / b_adapt=2 / b_bias=0 / direct=3 / weightb=1 / open_gop=0 / weightp=2 / keyint=infinite / keyint_min=30 / scenecut=40 / intra_refresh=0 / rc_lookahead=50 / rc=2pass / mbtree=1 / bitrate=4500 / ratetol=1.0 / qcomp=0.60 / qpmin=5 / qpmax=69 / qpstep=4 / cplxblur=20.0 / qblur=0.5 / vbv_maxrate=4950 / vbv_bufsize=13500 / nal_hrd=none / filler=0 / ip_ratio=1.40 / aq=1:1.00", "other_stream_size": ["16.1 MiB (94%)", "16 MiB", "16 MiB", "16.1 MiB", "16.06 MiB", "16.1 MiB (94%)"], "stream_identifier": "0", "chroma_subsampling": "4:2:0", "pixel_aspect_ratio": "1.000", "colour_range_source": "Container / Stream", "internet_media_type": "video/H264", "matrix_coefficients": "BT.709", "display_aspect_ratio": "1.778", "encoded_library_name": "x264", "other_kind_of_stream": ["Video"], "other_frame_rate_mode": ["Constant"], "other_writing_library": ["x264 core 146 r11M 121396c"], "format_settings__cabac": "Yes", "codec_configuration_box": "avcC", "colour_primaries_source": "Container / Stream", "encoded_library_version": "core 146 r11M 121396c", "framerate_mode_original": "VFR", "other_chroma_subsampling": ["4:2:0"], "transfer_characteristics": "BT.709", "proportion_of_this_stream": "0.94417", "colour_description_present": "Yes", "matrix_coefficients_source": "Container / Stream", "other_display_aspect_ratio": ["16:9"], "count_of_stream_of_this_kind": "1", "other_format_settings__cabac": ["Yes"], "transfer_characteristics_source": "Container / Stream", "colour_description_present_source": "Container / Stream", "format_settings__reference_frames": 4, "other_format_settings__reference_frames": ["4 frames"]}	b537d197-a77c-4996-b070-482acfe5c0fc
18	3	{"count": "285", "format": "AAC", "bit_rate": 256008, "codec_id": "mp4a-40-2", "duration": 30527, "track_id": 2, "channel_s": 2, "frame_rate": "46.875", "track_type": "Audio", "format_info": "Advanced Audio Codec Low Complexity", "frame_count": "1431", "stream_size": 976896, "streamorder": "1", "tagged_date": "2015-08-07 09:13:36 UTC", "encoded_date": "2015-08-07 09:13:36 UTC", "other_format": ["AAC LC"], "bit_rate_mode": "CBR", "samples_count": "1465296", "sampling_rate": 48000, "channel_layout": "L R", "kind_of_stream": "Audio", "other_bit_rate": ["256 kb/s"], "other_duration": ["30 s 527 ms", "30 s 527 ms", "30 s 527 ms", "00:00:30.527", "00:00:30.527"], "other_track_id": ["2"], "commercial_name": "AAC", "other_channel_s": ["2 channels"], "compression_mode": "Lossy", "other_frame_rate": ["46.875 FPS (1024 SPF)"], "channel_positions": "Front: L R", "other_stream_size": ["954 KiB (5%)", "954 KiB", "954 KiB", "954 KiB", "954.0 KiB", "954 KiB (5%)"], "samples_per_frame": "1024", "stream_identifier": "0", "other_bit_rate_mode": ["Constant"], "other_sampling_rate": ["48.0 kHz"], "other_kind_of_stream": ["Audio"], "other_compression_mode": ["Lossy"], "other_channel_positions": ["2/0/0"], "format_additionalfeatures": "LC", "proportion_of_this_stream": "0.05476", "count_of_stream_of_this_kind": "1"}	b537d197-a77c-4996-b070-482acfe5c0fc
\.


--
-- Data for Name: ch24app_program; Type: TABLE DATA; Schema: public; Owner: system
--

COPY public.ch24app_program (custom_id, program_name, description, genre, age_rating, created_at, updated_at, creator_id, created_by_id) FROM stdin;
fdaffaef-bbda-4992-9159-4ec023504ab4	First Program	description	Documentary	TV-G	2024-11-18 12:39:58.752499-05	2024-11-19 13:09:52.907036-05	cf40d6f4-3bb0-4b14-814c-1ab69b7fa3f2	2
3bdda697-c729-4111-873b-c83f65a631cb	my program asdfasdf	my description	Talk Show	TV-Y	2024-11-19 13:11:51.385524-05	2024-11-19 13:11:51.385543-05	cf40d6f4-3bb0-4b14-814c-1ab69b7fa3f2	2
\.


--
-- Data for Name: ch24app_supportticket; Type: TABLE DATA; Schema: public; Owner: system
--

COPY public.ch24app_supportticket (id, ticket_no, name, contact_info, category, subject, description, time_received, urgency, ticket_status, creator_id, episode_id, program_id, created_by_id) FROM stdin;
5	1	James Pound	jpound@AtlantaGa.Gov	account	Cannot login	test	2024-11-20 16:40:14.49261-05	low	SUBMITTED	cf40d6f4-3bb0-4b14-814c-1ab69b7fa3f2	b537d197-a77c-4996-b070-482acfe5c0fc	fdaffaef-bbda-4992-9159-4ec023504ab4	\N
6	2	James Pound	jpound@AtlantaGa.Gov	account	Cannot login	test	2024-11-20 16:40:37.433917-05	low	SUBMITTED	cf40d6f4-3bb0-4b14-814c-1ab69b7fa3f2	b537d197-a77c-4996-b070-482acfe5c0fc	fdaffaef-bbda-4992-9159-4ec023504ab4	\N
7	3	James Pound	jpound@AtlantaGa.Gov	account	Cannot login	test	2024-11-20 16:43:58.551011-05	low	SUBMITTED	cf40d6f4-3bb0-4b14-814c-1ab69b7fa3f2	b537d197-a77c-4996-b070-482acfe5c0fc	fdaffaef-bbda-4992-9159-4ec023504ab4	\N
8	4	James Pound	jpound@AtlantaGa.Gov	account	Cannot login	test	2024-11-21 09:33:50.434953-05	low	SUBMITTED	cf40d6f4-3bb0-4b14-814c-1ab69b7fa3f2	b537d197-a77c-4996-b070-482acfe5c0fc	fdaffaef-bbda-4992-9159-4ec023504ab4	2
9	5	James Pound	jpound@AtlantaGa.Gov	registration	test	test	2024-11-21 09:51:55.103178-05	low	SUBMITTED	cf40d6f4-3bb0-4b14-814c-1ab69b7fa3f2	b537d197-a77c-4996-b070-482acfe5c0fc	fdaffaef-bbda-4992-9159-4ec023504ab4	2
\.


--
-- Data for Name: ch24app_ticketresponse; Type: TABLE DATA; Schema: public; Owner: system
--

COPY public.ch24app_ticketresponse (id, response_no, "timestamp", message, responder_id, ticket_id) FROM stdin;
1	1	2024-11-20 16:53:07.58154-05	my response	2	7
2	2	2024-11-20 16:53:23.270644-05	another response	2	7
3	1	2024-11-21 10:14:14.499915-05	my response	2	9
\.


--
-- Data for Name: django_admin_log; Type: TABLE DATA; Schema: public; Owner: system
--

COPY public.django_admin_log (id, action_time, object_id, object_repr, action_flag, change_message, content_type_id, user_id) FROM stdin;
\.


--
-- Data for Name: django_content_type; Type: TABLE DATA; Schema: public; Owner: system
--

COPY public.django_content_type (id, app_label, model) FROM stdin;
1	admin	logentry
2	auth	permission
3	auth	group
4	auth	user
5	contenttypes	contenttype
6	sessions	session
7	ch24app	creator
8	ch24app	program
9	ch24app	episode
10	ch24app	episodemediainfo
11	otp_totp	totpdevice
12	ch24app	supportticket
13	ch24app	ticketresponse
\.


--
-- Data for Name: django_migrations; Type: TABLE DATA; Schema: public; Owner: system
--

COPY public.django_migrations (id, app, name, applied) FROM stdin;
1	contenttypes	0001_initial	2024-11-18 11:38:18.469777-05
2	auth	0001_initial	2024-11-18 11:38:18.510375-05
3	admin	0001_initial	2024-11-18 11:38:18.523614-05
4	admin	0002_logentry_remove_auto_add	2024-11-18 11:38:18.529526-05
5	admin	0003_logentry_add_action_flag_choices	2024-11-18 11:38:18.535509-05
6	contenttypes	0002_remove_content_type_name	2024-11-18 11:38:18.54914-05
7	auth	0002_alter_permission_name_max_length	2024-11-18 11:38:18.554664-05
8	auth	0003_alter_user_email_max_length	2024-11-18 11:38:18.559881-05
9	auth	0004_alter_user_username_opts	2024-11-18 11:38:18.565457-05
10	auth	0005_alter_user_last_login_null	2024-11-18 11:38:18.571717-05
11	auth	0006_require_contenttypes_0002	2024-11-18 11:38:18.572848-05
12	auth	0007_alter_validators_add_error_messages	2024-11-18 11:38:18.578137-05
13	auth	0008_alter_user_username_max_length	2024-11-18 11:38:18.585407-05
14	auth	0009_alter_user_last_name_max_length	2024-11-18 11:38:18.591101-05
15	auth	0010_alter_group_name_max_length	2024-11-18 11:38:18.599598-05
16	auth	0011_update_proxy_permissions	2024-11-18 11:38:18.60482-05
17	auth	0012_alter_user_first_name_max_length	2024-11-18 11:38:18.610892-05
18	ch24app	0001_initial	2024-11-18 11:38:18.617317-05
19	ch24app	0002_program_episode	2024-11-18 11:38:18.635108-05
20	ch24app	0003_alter_creator_company_alter_creator_first_name_and_more	2024-11-18 11:38:18.665072-05
21	ch24app	0004_rename_program_id_episode_program_and_more	2024-11-18 11:38:18.687115-05
22	ch24app	0005_alter_episode_end_date_alter_episode_start_date	2024-11-18 11:38:18.693626-05
23	ch24app	0006_creator_created_by_episode_created_by_and_more	2024-11-18 11:38:18.724434-05
24	ch24app	0007_episode_file_name	2024-11-18 11:38:18.73221-05
25	ch24app	0008_alter_episode_custom_id	2024-11-18 11:38:18.7451-05
26	ch24app	0009_alter_episode_custom_id	2024-11-18 11:38:18.758094-05
27	ch24app	0010_mediainfo	2024-11-18 11:38:18.773515-05
28	ch24app	0011_rename_mediainfo_episodemediainfo	2024-11-18 11:38:18.78914-05
29	otp_totp	0001_initial	2024-11-18 11:38:18.802786-05
30	otp_totp	0002_auto_20190420_0723	2024-11-18 11:38:18.820295-05
31	otp_totp	0003_add_timestamps	2024-11-18 11:38:18.837642-05
32	sessions	0001_initial	2024-11-18 11:38:18.843867-05
33	ch24app	0012_alter_program_genre	2024-11-19 12:32:56.054132-05
34	ch24app	0013_alter_program_age_rating	2024-11-19 13:11:08.360174-05
35	ch24app	0014_supportticket_ticketresponse	2024-11-19 15:13:49.795796-05
36	ch24app	0015_remove_supportticket_created_by	2024-11-20 16:39:56.338386-05
37	ch24app	0016_supportticket_created_by	2024-11-21 09:32:47.737824-05
\.


--
-- Data for Name: django_session; Type: TABLE DATA; Schema: public; Owner: system
--

COPY public.django_session (session_key, session_data, expire_date) FROM stdin;
2li1lhdbrj3g4urvwvgahvk0cx8oq39p	.eJxVjEEOwiAQAP_C2ZCyiy549N43EHYhUjWQlPZk_Lsh6UGvM5N5qxD3rYS95zUsSV0VqNMv4yjPXIdIj1jvTUur27qwHok-bNdzS_l1O9q_QYm9jK2xkAiZkcg57ycgOUtCA8QTUxYgg8nb7DCiWETvBMl6Dyxi80V9vrfDNvA:1tD8gT:Bz4NeR8xw8MKUDqdMQT01leSbvi9pCtOrl3Xog2BNqY	2024-12-02 15:49:21.716874-05
c9qbyc363j6xstcf39no6unwb9hms02n	.eJxVjEEOwiAQAP_C2ZCyiy549N43EHYhUjWQlPZk_Lsh6UGvM5N5qxD3rYS95zUsSV0VqNMv4yjPXIdIj1jvTUur27qwHok-bNdzS_l1O9q_QYm9jK2xkAiZkcg57ycgOUtCA8QTUxYgg8nb7DCiWETvBMl6Dyxi80V9vrfDNvA:1tDSML:J-af8TUTa_GqKNdM0G23R7MKR_DD8TVFjouQa_c3rJw	2024-12-03 12:49:53.132201-05
\.


--
-- Data for Name: otp_totp_totpdevice; Type: TABLE DATA; Schema: public; Owner: system
--

COPY public.otp_totp_totpdevice (id, name, confirmed, key, step, t0, digits, tolerance, drift, last_t, user_id, throttling_failure_count, throttling_failure_timestamp, created_at, last_used_at) FROM stdin;
\.


--
-- Name: auth_group_id_seq; Type: SEQUENCE SET; Schema: public; Owner: system
--

SELECT pg_catalog.setval('public.auth_group_id_seq', 1, false);


--
-- Name: auth_group_permissions_id_seq; Type: SEQUENCE SET; Schema: public; Owner: system
--

SELECT pg_catalog.setval('public.auth_group_permissions_id_seq', 1, false);


--
-- Name: auth_permission_id_seq; Type: SEQUENCE SET; Schema: public; Owner: system
--

SELECT pg_catalog.setval('public.auth_permission_id_seq', 52, true);


--
-- Name: auth_user_groups_id_seq; Type: SEQUENCE SET; Schema: public; Owner: system
--

SELECT pg_catalog.setval('public.auth_user_groups_id_seq', 1, false);


--
-- Name: auth_user_id_seq; Type: SEQUENCE SET; Schema: public; Owner: system
--

SELECT pg_catalog.setval('public.auth_user_id_seq', 2, true);


--
-- Name: auth_user_user_permissions_id_seq; Type: SEQUENCE SET; Schema: public; Owner: system
--

SELECT pg_catalog.setval('public.auth_user_user_permissions_id_seq', 1, false);


--
-- Name: ch24app_mediainfo_id_seq; Type: SEQUENCE SET; Schema: public; Owner: system
--

SELECT pg_catalog.setval('public.ch24app_mediainfo_id_seq', 18, true);


--
-- Name: ch24app_supportticket_id_seq; Type: SEQUENCE SET; Schema: public; Owner: system
--

SELECT pg_catalog.setval('public.ch24app_supportticket_id_seq', 9, true);


--
-- Name: ch24app_ticketresponse_id_seq; Type: SEQUENCE SET; Schema: public; Owner: system
--

SELECT pg_catalog.setval('public.ch24app_ticketresponse_id_seq', 3, true);


--
-- Name: django_admin_log_id_seq; Type: SEQUENCE SET; Schema: public; Owner: system
--

SELECT pg_catalog.setval('public.django_admin_log_id_seq', 1, false);


--
-- Name: django_content_type_id_seq; Type: SEQUENCE SET; Schema: public; Owner: system
--

SELECT pg_catalog.setval('public.django_content_type_id_seq', 13, true);


--
-- Name: django_migrations_id_seq; Type: SEQUENCE SET; Schema: public; Owner: system
--

SELECT pg_catalog.setval('public.django_migrations_id_seq', 37, true);


--
-- Name: otp_totp_totpdevice_id_seq; Type: SEQUENCE SET; Schema: public; Owner: system
--

SELECT pg_catalog.setval('public.otp_totp_totpdevice_id_seq', 1, false);


--
-- Name: auth_group auth_group_name_key; Type: CONSTRAINT; Schema: public; Owner: system
--

ALTER TABLE ONLY public.auth_group
    ADD CONSTRAINT auth_group_name_key UNIQUE (name);


--
-- Name: auth_group_permissions auth_group_permissions_group_id_permission_id_0cd325b0_uniq; Type: CONSTRAINT; Schema: public; Owner: system
--

ALTER TABLE ONLY public.auth_group_permissions
    ADD CONSTRAINT auth_group_permissions_group_id_permission_id_0cd325b0_uniq UNIQUE (group_id, permission_id);


--
-- Name: auth_group_permissions auth_group_permissions_pkey; Type: CONSTRAINT; Schema: public; Owner: system
--

ALTER TABLE ONLY public.auth_group_permissions
    ADD CONSTRAINT auth_group_permissions_pkey PRIMARY KEY (id);


--
-- Name: auth_group auth_group_pkey; Type: CONSTRAINT; Schema: public; Owner: system
--

ALTER TABLE ONLY public.auth_group
    ADD CONSTRAINT auth_group_pkey PRIMARY KEY (id);


--
-- Name: auth_permission auth_permission_content_type_id_codename_01ab375a_uniq; Type: CONSTRAINT; Schema: public; Owner: system
--

ALTER TABLE ONLY public.auth_permission
    ADD CONSTRAINT auth_permission_content_type_id_codename_01ab375a_uniq UNIQUE (content_type_id, codename);


--
-- Name: auth_permission auth_permission_pkey; Type: CONSTRAINT; Schema: public; Owner: system
--

ALTER TABLE ONLY public.auth_permission
    ADD CONSTRAINT auth_permission_pkey PRIMARY KEY (id);


--
-- Name: auth_user_groups auth_user_groups_pkey; Type: CONSTRAINT; Schema: public; Owner: system
--

ALTER TABLE ONLY public.auth_user_groups
    ADD CONSTRAINT auth_user_groups_pkey PRIMARY KEY (id);


--
-- Name: auth_user_groups auth_user_groups_user_id_group_id_94350c0c_uniq; Type: CONSTRAINT; Schema: public; Owner: system
--

ALTER TABLE ONLY public.auth_user_groups
    ADD CONSTRAINT auth_user_groups_user_id_group_id_94350c0c_uniq UNIQUE (user_id, group_id);


--
-- Name: auth_user auth_user_pkey; Type: CONSTRAINT; Schema: public; Owner: system
--

ALTER TABLE ONLY public.auth_user
    ADD CONSTRAINT auth_user_pkey PRIMARY KEY (id);


--
-- Name: auth_user_user_permissions auth_user_user_permissions_pkey; Type: CONSTRAINT; Schema: public; Owner: system
--

ALTER TABLE ONLY public.auth_user_user_permissions
    ADD CONSTRAINT auth_user_user_permissions_pkey PRIMARY KEY (id);


--
-- Name: auth_user_user_permissions auth_user_user_permissions_user_id_permission_id_14a6b632_uniq; Type: CONSTRAINT; Schema: public; Owner: system
--

ALTER TABLE ONLY public.auth_user_user_permissions
    ADD CONSTRAINT auth_user_user_permissions_user_id_permission_id_14a6b632_uniq UNIQUE (user_id, permission_id);


--
-- Name: auth_user auth_user_username_key; Type: CONSTRAINT; Schema: public; Owner: system
--

ALTER TABLE ONLY public.auth_user
    ADD CONSTRAINT auth_user_username_key UNIQUE (username);


--
-- Name: ch24app_creator ch24app_creator_email_key; Type: CONSTRAINT; Schema: public; Owner: system
--

ALTER TABLE ONLY public.ch24app_creator
    ADD CONSTRAINT ch24app_creator_email_key UNIQUE (email);


--
-- Name: ch24app_creator ch24app_creator_pkey; Type: CONSTRAINT; Schema: public; Owner: system
--

ALTER TABLE ONLY public.ch24app_creator
    ADD CONSTRAINT ch24app_creator_pkey PRIMARY KEY (custom_id);


--
-- Name: ch24app_episode ch24app_episode_pkey; Type: CONSTRAINT; Schema: public; Owner: system
--

ALTER TABLE ONLY public.ch24app_episode
    ADD CONSTRAINT ch24app_episode_pkey PRIMARY KEY (custom_id);


--
-- Name: ch24app_episodemediainfo ch24app_mediainfo_pkey; Type: CONSTRAINT; Schema: public; Owner: system
--

ALTER TABLE ONLY public.ch24app_episodemediainfo
    ADD CONSTRAINT ch24app_mediainfo_pkey PRIMARY KEY (id);


--
-- Name: ch24app_program ch24app_program_pkey; Type: CONSTRAINT; Schema: public; Owner: system
--

ALTER TABLE ONLY public.ch24app_program
    ADD CONSTRAINT ch24app_program_pkey PRIMARY KEY (custom_id);


--
-- Name: ch24app_supportticket ch24app_supportticket_pkey; Type: CONSTRAINT; Schema: public; Owner: system
--

ALTER TABLE ONLY public.ch24app_supportticket
    ADD CONSTRAINT ch24app_supportticket_pkey PRIMARY KEY (id);


--
-- Name: ch24app_supportticket ch24app_supportticket_ticket_no_key; Type: CONSTRAINT; Schema: public; Owner: system
--

ALTER TABLE ONLY public.ch24app_supportticket
    ADD CONSTRAINT ch24app_supportticket_ticket_no_key UNIQUE (ticket_no);


--
-- Name: ch24app_ticketresponse ch24app_ticketresponse_pkey; Type: CONSTRAINT; Schema: public; Owner: system
--

ALTER TABLE ONLY public.ch24app_ticketresponse
    ADD CONSTRAINT ch24app_ticketresponse_pkey PRIMARY KEY (id);


--
-- Name: django_admin_log django_admin_log_pkey; Type: CONSTRAINT; Schema: public; Owner: system
--

ALTER TABLE ONLY public.django_admin_log
    ADD CONSTRAINT django_admin_log_pkey PRIMARY KEY (id);


--
-- Name: django_content_type django_content_type_app_label_model_76bd3d3b_uniq; Type: CONSTRAINT; Schema: public; Owner: system
--

ALTER TABLE ONLY public.django_content_type
    ADD CONSTRAINT django_content_type_app_label_model_76bd3d3b_uniq UNIQUE (app_label, model);


--
-- Name: django_content_type django_content_type_pkey; Type: CONSTRAINT; Schema: public; Owner: system
--

ALTER TABLE ONLY public.django_content_type
    ADD CONSTRAINT django_content_type_pkey PRIMARY KEY (id);


--
-- Name: django_migrations django_migrations_pkey; Type: CONSTRAINT; Schema: public; Owner: system
--

ALTER TABLE ONLY public.django_migrations
    ADD CONSTRAINT django_migrations_pkey PRIMARY KEY (id);


--
-- Name: django_session django_session_pkey; Type: CONSTRAINT; Schema: public; Owner: system
--

ALTER TABLE ONLY public.django_session
    ADD CONSTRAINT django_session_pkey PRIMARY KEY (session_key);


--
-- Name: otp_totp_totpdevice otp_totp_totpdevice_pkey; Type: CONSTRAINT; Schema: public; Owner: system
--

ALTER TABLE ONLY public.otp_totp_totpdevice
    ADD CONSTRAINT otp_totp_totpdevice_pkey PRIMARY KEY (id);


--
-- Name: auth_group_name_a6ea08ec_like; Type: INDEX; Schema: public; Owner: system
--

CREATE INDEX auth_group_name_a6ea08ec_like ON public.auth_group USING btree (name varchar_pattern_ops);


--
-- Name: auth_group_permissions_group_id_b120cbf9; Type: INDEX; Schema: public; Owner: system
--

CREATE INDEX auth_group_permissions_group_id_b120cbf9 ON public.auth_group_permissions USING btree (group_id);


--
-- Name: auth_group_permissions_permission_id_84c5c92e; Type: INDEX; Schema: public; Owner: system
--

CREATE INDEX auth_group_permissions_permission_id_84c5c92e ON public.auth_group_permissions USING btree (permission_id);


--
-- Name: auth_permission_content_type_id_2f476e4b; Type: INDEX; Schema: public; Owner: system
--

CREATE INDEX auth_permission_content_type_id_2f476e4b ON public.auth_permission USING btree (content_type_id);


--
-- Name: auth_user_groups_group_id_97559544; Type: INDEX; Schema: public; Owner: system
--

CREATE INDEX auth_user_groups_group_id_97559544 ON public.auth_user_groups USING btree (group_id);


--
-- Name: auth_user_groups_user_id_6a12ed8b; Type: INDEX; Schema: public; Owner: system
--

CREATE INDEX auth_user_groups_user_id_6a12ed8b ON public.auth_user_groups USING btree (user_id);


--
-- Name: auth_user_user_permissions_permission_id_1fbb5f2c; Type: INDEX; Schema: public; Owner: system
--

CREATE INDEX auth_user_user_permissions_permission_id_1fbb5f2c ON public.auth_user_user_permissions USING btree (permission_id);


--
-- Name: auth_user_user_permissions_user_id_a95ead1b; Type: INDEX; Schema: public; Owner: system
--

CREATE INDEX auth_user_user_permissions_user_id_a95ead1b ON public.auth_user_user_permissions USING btree (user_id);


--
-- Name: auth_user_username_6821ab7c_like; Type: INDEX; Schema: public; Owner: system
--

CREATE INDEX auth_user_username_6821ab7c_like ON public.auth_user USING btree (username varchar_pattern_ops);


--
-- Name: ch24app_creator_created_by_id_c174b516; Type: INDEX; Schema: public; Owner: system
--

CREATE INDEX ch24app_creator_created_by_id_c174b516 ON public.ch24app_creator USING btree (created_by_id);


--
-- Name: ch24app_creator_custom_id_7c2cd1aa_like; Type: INDEX; Schema: public; Owner: system
--

CREATE INDEX ch24app_creator_custom_id_7c2cd1aa_like ON public.ch24app_creator USING btree (custom_id varchar_pattern_ops);


--
-- Name: ch24app_creator_email_8b5873d2_like; Type: INDEX; Schema: public; Owner: system
--

CREATE INDEX ch24app_creator_email_8b5873d2_like ON public.ch24app_creator USING btree (email varchar_pattern_ops);


--
-- Name: ch24app_episode_created_by_id_86e2f535; Type: INDEX; Schema: public; Owner: system
--

CREATE INDEX ch24app_episode_created_by_id_86e2f535 ON public.ch24app_episode USING btree (created_by_id);


--
-- Name: ch24app_episode_program_id_id_b3fff15c; Type: INDEX; Schema: public; Owner: system
--

CREATE INDEX ch24app_episode_program_id_id_b3fff15c ON public.ch24app_episode USING btree (program_id);


--
-- Name: ch24app_episode_program_id_id_b3fff15c_like; Type: INDEX; Schema: public; Owner: system
--

CREATE INDEX ch24app_episode_program_id_id_b3fff15c_like ON public.ch24app_episode USING btree (program_id varchar_pattern_ops);


--
-- Name: ch24app_mediainfo_episode_id_9713987a; Type: INDEX; Schema: public; Owner: system
--

CREATE INDEX ch24app_mediainfo_episode_id_9713987a ON public.ch24app_episodemediainfo USING btree (episode_id);


--
-- Name: ch24app_mediainfo_episode_id_9713987a_like; Type: INDEX; Schema: public; Owner: system
--

CREATE INDEX ch24app_mediainfo_episode_id_9713987a_like ON public.ch24app_episodemediainfo USING btree (episode_id varchar_pattern_ops);


--
-- Name: ch24app_program_created_by_id_f536a7bc; Type: INDEX; Schema: public; Owner: system
--

CREATE INDEX ch24app_program_created_by_id_f536a7bc ON public.ch24app_program USING btree (created_by_id);


--
-- Name: ch24app_program_creator_id_id_cfa94b90; Type: INDEX; Schema: public; Owner: system
--

CREATE INDEX ch24app_program_creator_id_id_cfa94b90 ON public.ch24app_program USING btree (creator_id);


--
-- Name: ch24app_program_creator_id_id_cfa94b90_like; Type: INDEX; Schema: public; Owner: system
--

CREATE INDEX ch24app_program_creator_id_id_cfa94b90_like ON public.ch24app_program USING btree (creator_id varchar_pattern_ops);


--
-- Name: ch24app_program_custom_id_8b90c8f9_like; Type: INDEX; Schema: public; Owner: system
--

CREATE INDEX ch24app_program_custom_id_8b90c8f9_like ON public.ch24app_program USING btree (custom_id varchar_pattern_ops);


--
-- Name: ch24app_supportticket_created_by_id_cf705496; Type: INDEX; Schema: public; Owner: system
--

CREATE INDEX ch24app_supportticket_created_by_id_cf705496 ON public.ch24app_supportticket USING btree (created_by_id);


--
-- Name: ch24app_supportticket_creator_id_a01d9e71; Type: INDEX; Schema: public; Owner: system
--

CREATE INDEX ch24app_supportticket_creator_id_a01d9e71 ON public.ch24app_supportticket USING btree (creator_id);


--
-- Name: ch24app_supportticket_creator_id_a01d9e71_like; Type: INDEX; Schema: public; Owner: system
--

CREATE INDEX ch24app_supportticket_creator_id_a01d9e71_like ON public.ch24app_supportticket USING btree (creator_id varchar_pattern_ops);


--
-- Name: ch24app_supportticket_episode_id_1bbab04e; Type: INDEX; Schema: public; Owner: system
--

CREATE INDEX ch24app_supportticket_episode_id_1bbab04e ON public.ch24app_supportticket USING btree (episode_id);


--
-- Name: ch24app_supportticket_episode_id_1bbab04e_like; Type: INDEX; Schema: public; Owner: system
--

CREATE INDEX ch24app_supportticket_episode_id_1bbab04e_like ON public.ch24app_supportticket USING btree (episode_id varchar_pattern_ops);


--
-- Name: ch24app_supportticket_program_id_f6a038c0; Type: INDEX; Schema: public; Owner: system
--

CREATE INDEX ch24app_supportticket_program_id_f6a038c0 ON public.ch24app_supportticket USING btree (program_id);


--
-- Name: ch24app_supportticket_program_id_f6a038c0_like; Type: INDEX; Schema: public; Owner: system
--

CREATE INDEX ch24app_supportticket_program_id_f6a038c0_like ON public.ch24app_supportticket USING btree (program_id varchar_pattern_ops);


--
-- Name: ch24app_ticketresponse_responder_id_cc23a6e5; Type: INDEX; Schema: public; Owner: system
--

CREATE INDEX ch24app_ticketresponse_responder_id_cc23a6e5 ON public.ch24app_ticketresponse USING btree (responder_id);


--
-- Name: ch24app_ticketresponse_ticket_id_22c381aa; Type: INDEX; Schema: public; Owner: system
--

CREATE INDEX ch24app_ticketresponse_ticket_id_22c381aa ON public.ch24app_ticketresponse USING btree (ticket_id);


--
-- Name: django_admin_log_content_type_id_c4bce8eb; Type: INDEX; Schema: public; Owner: system
--

CREATE INDEX django_admin_log_content_type_id_c4bce8eb ON public.django_admin_log USING btree (content_type_id);


--
-- Name: django_admin_log_user_id_c564eba6; Type: INDEX; Schema: public; Owner: system
--

CREATE INDEX django_admin_log_user_id_c564eba6 ON public.django_admin_log USING btree (user_id);


--
-- Name: django_session_expire_date_a5c62663; Type: INDEX; Schema: public; Owner: system
--

CREATE INDEX django_session_expire_date_a5c62663 ON public.django_session USING btree (expire_date);


--
-- Name: django_session_session_key_c0390e0f_like; Type: INDEX; Schema: public; Owner: system
--

CREATE INDEX django_session_session_key_c0390e0f_like ON public.django_session USING btree (session_key varchar_pattern_ops);


--
-- Name: otp_totp_totpdevice_user_id_0fb18292; Type: INDEX; Schema: public; Owner: system
--

CREATE INDEX otp_totp_totpdevice_user_id_0fb18292 ON public.otp_totp_totpdevice USING btree (user_id);


--
-- Name: auth_group_permissions auth_group_permissio_permission_id_84c5c92e_fk_auth_perm; Type: FK CONSTRAINT; Schema: public; Owner: system
--

ALTER TABLE ONLY public.auth_group_permissions
    ADD CONSTRAINT auth_group_permissio_permission_id_84c5c92e_fk_auth_perm FOREIGN KEY (permission_id) REFERENCES public.auth_permission(id) DEFERRABLE INITIALLY DEFERRED;


--
-- Name: auth_group_permissions auth_group_permissions_group_id_b120cbf9_fk_auth_group_id; Type: FK CONSTRAINT; Schema: public; Owner: system
--

ALTER TABLE ONLY public.auth_group_permissions
    ADD CONSTRAINT auth_group_permissions_group_id_b120cbf9_fk_auth_group_id FOREIGN KEY (group_id) REFERENCES public.auth_group(id) DEFERRABLE INITIALLY DEFERRED;


--
-- Name: auth_permission auth_permission_content_type_id_2f476e4b_fk_django_co; Type: FK CONSTRAINT; Schema: public; Owner: system
--

ALTER TABLE ONLY public.auth_permission
    ADD CONSTRAINT auth_permission_content_type_id_2f476e4b_fk_django_co FOREIGN KEY (content_type_id) REFERENCES public.django_content_type(id) DEFERRABLE INITIALLY DEFERRED;


--
-- Name: auth_user_groups auth_user_groups_group_id_97559544_fk_auth_group_id; Type: FK CONSTRAINT; Schema: public; Owner: system
--

ALTER TABLE ONLY public.auth_user_groups
    ADD CONSTRAINT auth_user_groups_group_id_97559544_fk_auth_group_id FOREIGN KEY (group_id) REFERENCES public.auth_group(id) DEFERRABLE INITIALLY DEFERRED;


--
-- Name: auth_user_groups auth_user_groups_user_id_6a12ed8b_fk_auth_user_id; Type: FK CONSTRAINT; Schema: public; Owner: system
--

ALTER TABLE ONLY public.auth_user_groups
    ADD CONSTRAINT auth_user_groups_user_id_6a12ed8b_fk_auth_user_id FOREIGN KEY (user_id) REFERENCES public.auth_user(id) DEFERRABLE INITIALLY DEFERRED;


--
-- Name: auth_user_user_permissions auth_user_user_permi_permission_id_1fbb5f2c_fk_auth_perm; Type: FK CONSTRAINT; Schema: public; Owner: system
--

ALTER TABLE ONLY public.auth_user_user_permissions
    ADD CONSTRAINT auth_user_user_permi_permission_id_1fbb5f2c_fk_auth_perm FOREIGN KEY (permission_id) REFERENCES public.auth_permission(id) DEFERRABLE INITIALLY DEFERRED;


--
-- Name: auth_user_user_permissions auth_user_user_permissions_user_id_a95ead1b_fk_auth_user_id; Type: FK CONSTRAINT; Schema: public; Owner: system
--

ALTER TABLE ONLY public.auth_user_user_permissions
    ADD CONSTRAINT auth_user_user_permissions_user_id_a95ead1b_fk_auth_user_id FOREIGN KEY (user_id) REFERENCES public.auth_user(id) DEFERRABLE INITIALLY DEFERRED;


--
-- Name: ch24app_creator ch24app_creator_created_by_id_c174b516_fk_auth_user_id; Type: FK CONSTRAINT; Schema: public; Owner: system
--

ALTER TABLE ONLY public.ch24app_creator
    ADD CONSTRAINT ch24app_creator_created_by_id_c174b516_fk_auth_user_id FOREIGN KEY (created_by_id) REFERENCES public.auth_user(id) DEFERRABLE INITIALLY DEFERRED;


--
-- Name: ch24app_episode ch24app_episode_created_by_id_86e2f535_fk_auth_user_id; Type: FK CONSTRAINT; Schema: public; Owner: system
--

ALTER TABLE ONLY public.ch24app_episode
    ADD CONSTRAINT ch24app_episode_created_by_id_86e2f535_fk_auth_user_id FOREIGN KEY (created_by_id) REFERENCES public.auth_user(id) DEFERRABLE INITIALLY DEFERRED;


--
-- Name: ch24app_episode ch24app_episode_program_id_6859a330_fk_ch24app_p; Type: FK CONSTRAINT; Schema: public; Owner: system
--

ALTER TABLE ONLY public.ch24app_episode
    ADD CONSTRAINT ch24app_episode_program_id_6859a330_fk_ch24app_p FOREIGN KEY (program_id) REFERENCES public.ch24app_program(custom_id) DEFERRABLE INITIALLY DEFERRED;


--
-- Name: ch24app_episodemediainfo ch24app_mediainfo_episode_id_9713987a_fk_ch24app_e; Type: FK CONSTRAINT; Schema: public; Owner: system
--

ALTER TABLE ONLY public.ch24app_episodemediainfo
    ADD CONSTRAINT ch24app_mediainfo_episode_id_9713987a_fk_ch24app_e FOREIGN KEY (episode_id) REFERENCES public.ch24app_episode(custom_id) DEFERRABLE INITIALLY DEFERRED;


--
-- Name: ch24app_program ch24app_program_created_by_id_f536a7bc_fk_auth_user_id; Type: FK CONSTRAINT; Schema: public; Owner: system
--

ALTER TABLE ONLY public.ch24app_program
    ADD CONSTRAINT ch24app_program_created_by_id_f536a7bc_fk_auth_user_id FOREIGN KEY (created_by_id) REFERENCES public.auth_user(id) DEFERRABLE INITIALLY DEFERRED;


--
-- Name: ch24app_program ch24app_program_creator_id_3386e4e4_fk_ch24app_c; Type: FK CONSTRAINT; Schema: public; Owner: system
--

ALTER TABLE ONLY public.ch24app_program
    ADD CONSTRAINT ch24app_program_creator_id_3386e4e4_fk_ch24app_c FOREIGN KEY (creator_id) REFERENCES public.ch24app_creator(custom_id) DEFERRABLE INITIALLY DEFERRED;


--
-- Name: ch24app_supportticket ch24app_supportticke_creator_id_a01d9e71_fk_ch24app_c; Type: FK CONSTRAINT; Schema: public; Owner: system
--

ALTER TABLE ONLY public.ch24app_supportticket
    ADD CONSTRAINT ch24app_supportticke_creator_id_a01d9e71_fk_ch24app_c FOREIGN KEY (creator_id) REFERENCES public.ch24app_creator(custom_id) DEFERRABLE INITIALLY DEFERRED;


--
-- Name: ch24app_supportticket ch24app_supportticke_episode_id_1bbab04e_fk_ch24app_e; Type: FK CONSTRAINT; Schema: public; Owner: system
--

ALTER TABLE ONLY public.ch24app_supportticket
    ADD CONSTRAINT ch24app_supportticke_episode_id_1bbab04e_fk_ch24app_e FOREIGN KEY (episode_id) REFERENCES public.ch24app_episode(custom_id) DEFERRABLE INITIALLY DEFERRED;


--
-- Name: ch24app_supportticket ch24app_supportticke_program_id_f6a038c0_fk_ch24app_p; Type: FK CONSTRAINT; Schema: public; Owner: system
--

ALTER TABLE ONLY public.ch24app_supportticket
    ADD CONSTRAINT ch24app_supportticke_program_id_f6a038c0_fk_ch24app_p FOREIGN KEY (program_id) REFERENCES public.ch24app_program(custom_id) DEFERRABLE INITIALLY DEFERRED;


--
-- Name: ch24app_supportticket ch24app_supportticket_created_by_id_cf705496_fk_auth_user_id; Type: FK CONSTRAINT; Schema: public; Owner: system
--

ALTER TABLE ONLY public.ch24app_supportticket
    ADD CONSTRAINT ch24app_supportticket_created_by_id_cf705496_fk_auth_user_id FOREIGN KEY (created_by_id) REFERENCES public.auth_user(id) DEFERRABLE INITIALLY DEFERRED;


--
-- Name: ch24app_ticketresponse ch24app_ticketrespon_ticket_id_22c381aa_fk_ch24app_s; Type: FK CONSTRAINT; Schema: public; Owner: system
--

ALTER TABLE ONLY public.ch24app_ticketresponse
    ADD CONSTRAINT ch24app_ticketrespon_ticket_id_22c381aa_fk_ch24app_s FOREIGN KEY (ticket_id) REFERENCES public.ch24app_supportticket(id) DEFERRABLE INITIALLY DEFERRED;


--
-- Name: ch24app_ticketresponse ch24app_ticketresponse_responder_id_cc23a6e5_fk_auth_user_id; Type: FK CONSTRAINT; Schema: public; Owner: system
--

ALTER TABLE ONLY public.ch24app_ticketresponse
    ADD CONSTRAINT ch24app_ticketresponse_responder_id_cc23a6e5_fk_auth_user_id FOREIGN KEY (responder_id) REFERENCES public.auth_user(id) DEFERRABLE INITIALLY DEFERRED;


--
-- Name: django_admin_log django_admin_log_content_type_id_c4bce8eb_fk_django_co; Type: FK CONSTRAINT; Schema: public; Owner: system
--

ALTER TABLE ONLY public.django_admin_log
    ADD CONSTRAINT django_admin_log_content_type_id_c4bce8eb_fk_django_co FOREIGN KEY (content_type_id) REFERENCES public.django_content_type(id) DEFERRABLE INITIALLY DEFERRED;


--
-- Name: django_admin_log django_admin_log_user_id_c564eba6_fk_auth_user_id; Type: FK CONSTRAINT; Schema: public; Owner: system
--

ALTER TABLE ONLY public.django_admin_log
    ADD CONSTRAINT django_admin_log_user_id_c564eba6_fk_auth_user_id FOREIGN KEY (user_id) REFERENCES public.auth_user(id) DEFERRABLE INITIALLY DEFERRED;


--
-- Name: otp_totp_totpdevice otp_totp_totpdevice_user_id_0fb18292_fk_auth_user_id; Type: FK CONSTRAINT; Schema: public; Owner: system
--

ALTER TABLE ONLY public.otp_totp_totpdevice
    ADD CONSTRAINT otp_totp_totpdevice_user_id_0fb18292_fk_auth_user_id FOREIGN KEY (user_id) REFERENCES public.auth_user(id) DEFERRABLE INITIALLY DEFERRED;


--
-- PostgreSQL database dump complete
--

